{
    "name": "root",
    "gauges": {
        "Car.Policy.Entropy.mean": {
            "value": 1.447191596031189,
            "min": 1.4236462116241455,
            "max": 1.447191596031189,
            "count": 4
        },
        "Car.Policy.ExtrinsicValueEstimate.mean": {
            "value": -4.535431861877441,
            "min": -4.589998722076416,
            "max": -3.100015640258789,
            "count": 4
        },
        "Car.Environment.EpisodeLength.mean": {
            "value": 5000.0,
            "min": 5000.0,
            "max": 5000.333333333333,
            "count": 4
        },
        "Car.Environment.CumulativeReward.mean": {
            "value": -58.09466220736503,
            "min": -440394523111944.25,
            "max": -57.35429406315088,
            "count": 4
        },
        "Car.Policy.ExtrinsicReward.mean": {
            "value": -58.09466220736503,
            "min": -440394523111944.25,
            "max": -57.35429406315088,
            "count": 4
        },
        "Car.Losses.ValueLoss.mean": {
            "value": 0.2388027012348175,
            "min": 0.2293095588684082,
            "max": 3.8353843088758394e+26,
            "count": 4
        },
        "Car.Losses.PolicyLoss.mean": {
            "value": 0.022749390453100204,
            "min": 0.020039398223161697,
            "max": 0.026893138885498047,
            "count": 4
        },
        "Car.Policy.LearningRate.mean": {
            "value": 0.00030000004335306585,
            "min": 0.00030000004335306585,
            "max": 0.00030000004335306585,
            "count": 4
        },
        "Car.Policy.Epsilon.mean": {
            "value": 0.19999997317790985,
            "min": 0.19999997317790985,
            "max": 0.19999997317790985,
            "count": 4
        },
        "Car.Policy.Beta.mean": {
            "value": 0.004999999422580004,
            "min": 0.004999999422580004,
            "max": 0.004999999422580004,
            "count": 4
        },
        "Car.IsTraining.mean": {
            "value": 1.0,
            "min": 1.0,
            "max": 1.0,
            "count": 4
        }
    },
    "metadata": {
        "timer_format_version": "0.1.0",
        "start_time_seconds": "1626485279",
        "python_version": "3.8.10 (default, May 19 2021, 13:12:57) [MSC v.1916 64 bit (AMD64)]",
        "command_line_arguments": "C:\\Users\\matth\\anaconda3\\envs\\UnityConda\\Scripts\\mlagents-learn config/CarDefaultLong_config.yaml --run-id=NumberChanges --force",
        "mlagents_version": "0.20.0",
        "mlagents_envs_version": "0.20.0",
        "communication_protocol_version": "1.1.0",
        "tensorflow_version": "2.3.2",
        "numpy_version": "1.18.5",
        "end_time_seconds": "1626486675"
    },
    "total": 1401.205784,
    "count": 1,
    "self": 0.004710000000159198,
    "children": {
        "run_training.setup": {
            "total": 0.012208400000000008,
            "count": 1,
            "self": 0.012208400000000008
        },
        "TrainerController.start_learning": {
            "total": 1401.1888655999999,
            "count": 1,
            "self": 5.226598899941337,
            "children": {
                "TrainerController._reset_env": {
                    "total": 8.0656067,
                    "count": 1,
                    "self": 8.0656067
                },
                "TrainerController.advance": {
                    "total": 1385.7717810000586,
                    "count": 231267,
                    "self": 1.7098166000860147,
                    "children": {
                        "env_step": {
                            "total": 1384.0619643999726,
                            "count": 231267,
                            "self": 1253.9957438999256,
                            "children": {
                                "SubprocessEnvManager._take_step": {
                                    "total": 127.03073960003654,
                                    "count": 231267,
                                    "self": 3.8933665000244844,
                                    "children": {
                                        "TFPolicy.evaluate": {
                                            "total": 123.13737310001206,
                                            "count": 231267,
                                            "self": 123.13737310001206
                                        }
                                    }
                                },
                                "workers": {
                                    "total": 3.035480900010354,
                                    "count": 231266,
                                    "self": 0.0,
                                    "children": {
                                        "worker_root": {
                                            "total": 1387.6582454999966,
                                            "count": 231266,
                                            "is_parallel": true,
                                            "self": 290.46623799998656,
                                            "children": {
                                                "steps_from_proto": {
                                                    "total": 0.015457500000000124,
                                                    "count": 1,
                                                    "is_parallel": true,
                                                    "self": 0.00012640000000097018,
                                                    "children": {
                                                        "_process_visual_observation": {
                                                            "total": 0.015331099999999154,
                                                            "count": 2,
                                                            "is_parallel": true,
                                                            "self": 2.0299999998307783e-05,
                                                            "children": {
                                                                "observation_to_np_array": {
                                                                    "total": 0.015310800000000846,
                                                                    "count": 1,
                                                                    "is_parallel": true,
                                                                    "self": 1.81000000001319e-05,
                                                                    "children": {
                                                                        "process_pixels": {
                                                                            "total": 0.015292700000000714,
                                                                            "count": 1,
                                                                            "is_parallel": true,
                                                                            "self": 0.000431700000000923,
                                                                            "children": {
                                                                                "image_decompress": {
                                                                                    "total": 0.014860999999999791,
                                                                                    "count": 1,
                                                                                    "is_parallel": true,