{
    "name": "root",
    "gauges": {
        "Car.Policy.Entropy.mean": {
            "value": 1.4208418130874634,
            "min": 1.4208418130874634,
            "max": 1.4208418130874634,
            "count": 1
        },
        "Car.Policy.ExtrinsicValueEstimate.mean": {
            "value": -0.019467059522867203,
            "min": -0.019467059522867203,
            "max": -0.019467059522867203,
            "count": 1
        },
        "Car.Environment.EpisodeLength.mean": {
            "value": 5000.333333333333,
            "min": 5000.333333333333,
            "max": 5000.333333333333,
            "count": 1
        },
        "Car.Environment.CumulativeReward.mean": {
            "value": -0.46329882482920465,
            "min": -0.46329882482920465,
            "max": -0.46329882482920465,
            "count": 1
        },
        "Car.Policy.ExtrinsicReward.mean": {
            "value": -0.46329882482920465,
            "min": -0.46329882482920465,
            "max": -0.46329882482920465,
            "count": 1
        },
        "Car.Losses.ValueLoss.mean": {
            "value": 0.0002424295525997877,
            "min": 0.0002424295525997877,
            "max": 0.0002424295525997877,
            "count": 1
        },
        "Car.Losses.PolicyLoss.mean": {
            "value": 0.024421215057373047,
            "min": 0.024421215057373047,
            "max": 0.024421215057373047,
            "count": 1
        },
        "Car.Policy.LearningRate.mean": {
            "value": 0.0002846121205948293,
            "min": 0.0002846121205948293,
            "max": 0.0002846121205948293,
            "count": 1
        },
        "Car.Policy.Epsilon.mean": {
            "value": 0.1948706954717636,
            "min": 0.1948706954717636,
            "max": 0.1948706954717636,
            "count": 1
        },
        "Car.Policy.Beta.mean": {
            "value": 0.004744047299027443,
            "min": 0.004744047299027443,
            "max": 0.004744047299027443,
            "count": 1
        },
        "Car.IsTraining.mean": {
            "value": 1.0,
            "min": 1.0,
            "max": 1.0,
            "count": 1
        }
    },
    "metadata": {
        "timer_format_version": "0.1.0",
        "start_time_seconds": "1626129583",
        "python_version": "3.8.10 (default, May 19 2021, 13:12:57) [MSC v.1916 64 bit (AMD64)]",
        "command_line_arguments": "C:\\Users\\matth\\anaconda3\\envs\\UnityConda\\Scripts\\mlagents-learn config/Car_config.yaml --run-id=NoBreaks --force",
        "mlagents_version": "0.20.0",
        "mlagents_envs_version": "0.20.0",
        "communication_protocol_version": "1.1.0",
        "tensorflow_version": "2.3.2",
        "numpy_version": "1.18.5",
        "end_time_seconds": "1626130052"
    },
    "total": 468.5662765,
    "count": 1,
    "self": 0.0054501999999843065,
    "children": {
        "run_training.setup": {
            "total": 0.007378000000000107,
            "count": 1,
            "self": 0.007378000000000107
        },
        "TrainerController.start_learning": {
            "total": 468.5534483,
            "count": 1,
            "self": 1.1856791999976508,
            "children": {
                "TrainerController._reset_env": {
                    "total": 7.5386369,
                    "count": 1,
                    "self": 7.5386369
                },
                "TrainerController.advance": {
                    "total": 457.72970390000245,
                    "count": 74851,
                    "self": 0.5401435000066499,
                    "children": {
                        "env_step": {
                            "total": 457.1895603999958,
                            "count": 74851,
                            "self": 416.48726040000133,
                            "children": {
                                "SubprocessEnvManager._take_step": {
                                    "total": 39.7412566999939,
                                    "count": 74851,
                                    "self": 1.1655432999838453,
                                    "children": {
                                        "TFPolicy.evaluate": {
                                            "total": 38.57571340001005,
                                            "count": 74851,
                                            "self": 38.57571340001005
                                        }
                                    }
                                },
                                "workers": {
                                    "total": 0.9610433000005987,
                                    "count": 74850,
                                    "self": 0.0,
                                    "children": {
                                        "worker_root": {
                                            "total": 458.4340071000043,
                                            "count": 74850,
                                            "is_parallel": true,
                                            "self": 91.37568760001363,
                                            "children": {
                                                "steps_from_proto": {
                                                    "total": 0.012140800000000063,
                                                    "count": 1,
                                                    "is_parallel": true,
                                                    "self": 0.00012859999999914606,
                                                    "children": {
                                                        "_process_visual_observation": {
                                                            "total": 0.012012200000000917,
                                                            "count": 2,
                                                            "is_parallel": true,
                                                            "self": 2.0000000001019203e-05,
                                                            "children": {
                                                                "observation_to_np_array": {
                                                                    "total": 0.011992199999999897,
                                                                    "count": 1,
                                                                    "is_parallel": true,
                                                                    "self": 1.759999999961792e-05,
                                                                    "children": {
                                                                        "process_pixels": {
                                                                            "total": 0.01197460000000028,
                                                                            "count": 1,
                                                                            "is_parallel": true,
                                                                            "self": 0.0001348000000005456,
                                                                            "children": {
                                                                                "image_decompress": {
                                                                                    "total": 0.011839799999999734,
                                                                                    "count": 1,
                                                                                    "is_parallel": true,