{
    "name": "root",
    "gauges": {
        "Car.Policy.Entropy.mean": {
            "value": 1.422600507736206,
            "min": 1.422600507736206,
            "max": 1.422600507736206,
            "count": 1
        },
        "Car.Policy.ExtrinsicValueEstimate.mean": {
            "value": -23.92792320251465,
            "min": -23.92792320251465,
            "max": -23.92792320251465,
            "count": 1
        },
        "Car.Environment.EpisodeLength.mean": {
            "value": 264.9255319148936,
            "min": 264.9255319148936,
            "max": 264.9255319148936,
            "count": 1
        },
        "Car.Environment.CumulativeReward.mean": {
            "value": -421654318145.5452,
            "min": -421654318145.5452,
            "max": -421654318145.5452,
            "count": 1
        },
        "Car.Policy.ExtrinsicReward.mean": {
            "value": -421654318145.5452,
            "min": -421654318145.5452,
            "max": -421654318145.5452,
            "count": 1
        },
        "Car.Losses.ValueLoss.mean": {
            "value": 7.670767774677828e+22,
            "min": 7.670767774677828e+22,
            "max": 7.670767774677828e+22,
            "count": 1
        },
        "Car.Losses.PolicyLoss.mean": {
            "value": 0.024276576936244965,
            "min": 0.024276576936244965,
            "max": 0.024276576936244965,
            "count": 1
        },
        "Car.Policy.LearningRate.mean": {
            "value": 0.00030000004335306585,
            "min": 0.00030000004335306585,
            "max": 0.00030000004335306585,
            "count": 1
        },
        "Car.Policy.Epsilon.mean": {
            "value": 0.19999997317790985,
            "min": 0.19999997317790985,
            "max": 0.19999997317790985,
            "count": 1
        },
        "Car.Policy.Beta.mean": {
            "value": 0.004999999422580004,
            "min": 0.004999999422580004,
            "max": 0.004999999422580004,
            "count": 1
        },
        "Car.IsTraining.mean": {
            "value": 1.0,
            "min": 1.0,
            "max": 1.0,
            "count": 1
        }
    },
    "metadata": {
        "timer_format_version": "0.1.0",
        "start_time_seconds": "1626490053",
        "python_version": "3.8.10 (default, May 19 2021, 13:12:57) [MSC v.1916 64 bit (AMD64)]",
        "command_line_arguments": "C:\\Users\\matth\\anaconda3\\envs\\UnityConda\\Scripts\\mlagents-learn config/CarDefaultLong_config.yaml --run-id=NumberChanges3 --resume",
        "mlagents_version": "0.20.0",
        "mlagents_envs_version": "0.20.0",
        "communication_protocol_version": "1.1.0",
        "tensorflow_version": "2.3.2",
        "numpy_version": "1.18.5",
        "end_time_seconds": "1626490248"
    },
    "total": 194.84642350000001,
    "count": 1,
    "self": 0.00435970000000907,
    "children": {
        "run_training.setup": {
            "total": 0.01032630000000001,
            "count": 1,
            "self": 0.01032630000000001
        },
        "TrainerController.start_learning": {
            "total": 194.8317375,
            "count": 1,
            "self": 0.6937096000004317,
            "children": {
                "TrainerController._reset_env": {
                    "total": 5.401699499999999,
                    "count": 1,
                    "self": 5.401699499999999
                },
                "TrainerController.advance": {
                    "total": 186.62831859999957,
                    "count": 31867,
                    "self": 0.2385531000008143,
                    "children": {
                        "env_step": {
                            "total": 186.38976549999876,
                            "count": 31867,
                            "self": 169.0162843000004,
                            "children": {
                                "SubprocessEnvManager._take_step": {
                                    "total": 16.95367179999963,
                                    "count": 31867,
                                    "self": 0.5156012999989841,
                                    "children": {
                                        "TFPolicy.evaluate": {
                                            "total": 16.438070500000645,
                                            "count": 31867,
                                            "self": 16.438070500000645
                                        }
                                    }
                                },
                                "workers": {
                                    "total": 0.41980939999872113,
                                    "count": 31866,
                                    "self": 0.0,
                                    "children": {
                                        "worker_root": {
                                            "total": 187.7357783999986,
                                            "count": 31866,
                                            "is_parallel": true,
                                            "self": 39.87899869999865,
                                            "children": {
                                                "steps_from_proto": {
                                                    "total": 0.008699000000000012,
                                                    "count": 1,
                                                    "is_parallel": true,
                                                    "self": 0.00012319999999998998,
                                                    "children": {
                                                        "_process_visual_observation": {
                                                            "total": 0.008575800000000022,
                                                            "count": 2,
                                                            "is_parallel": true,
                                                            "self": 1.85999999997577e-05,
                                                            "children": {
                                                                "observation_to_np_array": {
                                                                    "total": 0.008557200000000265,
                                                                    "count": 1,
                                                                    "is_parallel": true,
                                                                    "self": 1.6599999999478143e-05,
                                                                    "children": {
                                                                        "process_pixels": {
                                                                            "total": 0.008540600000000786,
                                                                            "count": 1,
                                                                            "is_parallel": true,
                                                                            "self": 0.0001283000000009693,
                                                                            "children": {
                                                                                "image_decompress": {
                                                                                    "total": 0.008412299999999817,
                                                                                    "count": 1,
                                                                                    "is_parallel": true,