{
    "name": "root",
    "metadata": {
        "timer_format_version": "0.1.0",
        "start_time_seconds": "1626490488",
        "python_version": "3.8.10 (default, May 19 2021, 13:12:57) [MSC v.1916 64 bit (AMD64)]",
        "command_line_arguments": "C:\\Users\\matth\\anaconda3\\envs\\UnityConda\\Scripts\\mlagents-learn config/CarDefaultLong_config.yaml --run-id=NumberChanges5 --force",
        "mlagents_version": "0.20.0",
        "mlagents_envs_version": "0.20.0",
        "communication_protocol_version": "1.1.0",
        "tensorflow_version": "2.3.2",
        "numpy_version": "1.18.5",
        "end_time_seconds": "1626490693"
    },
    "total": 205.0967609,
    "count": 1,
    "self": 0.004872699999992847,
    "children": {
        "run_training.setup": {
            "total": 0.006614700000000084,
            "count": 1,
            "self": 0.006614700000000084
        },
        "TrainerController.start_learning": {
            "total": 205.0852735,
            "count": 1,
            "self": 0.7799406000017086,
            "children": {
                "TrainerController._reset_env": {
                    "total": 6.9292155,
                    "count": 1,
                    "self": 6.9292155
                },
                "TrainerController.advance": {
                    "total": 195.25469889999826,
                    "count": 34301,
                    "self": 0.25623649999823783,
                    "children": {
                        "env_step": {
                            "total": 194.99846240000002,
                            "count": 34301,
                            "self": 176.21750550000144,
                            "children": {
                                "SubprocessEnvManager._take_step": {
                                    "total": 18.31988179999927,
                                    "count": 34301,
                                    "self": 0.6161966000018175,
                                    "children": {
                                        "TFPolicy.evaluate": {
                                            "total": 17.70368519999745,
                                            "count": 34301,
                                            "self": 17.70368519999745
                                        }
                                    }
                                },
                                "workers": {
                                    "total": 0.4610750999993005,
                                    "count": 34300,
                                    "self": 0.0,
                                    "children": {
                                        "worker_root": {
                                            "total": 196.43278119999945,
                                            "count": 34300,
                                            "is_parallel": true,
                                            "self": 43.49738060000115,
                                            "children": {
                                                "steps_from_proto": {
                                                    "total": 0.00854369999999971,
                                                    "count": 1,
                                                    "is_parallel": true,
                                                    "self": 0.00011969999999994485,
                                                    "children": {
                                                        "_process_visual_observation": {
                                                            "total": 0.008423999999999765,
                                                            "count": 2,
                                                            "is_parallel": true,
                                                            "self": 1.870000000003813e-05,
                                                            "children": {
                                                                "observation_to_np_array": {
                                                                    "total": 0.008405299999999727,
                                                                    "count": 1,
                                                                    "is_parallel": true,
                                                                    "self": 1.4999999999432134e-05,
                                                                    "children": {
                                                                        "process_pixels": {
                                                                            "total": 0.008390300000000295,
                                                                            "count": 1,
                                                                            "is_parallel": true,
                                                                            "self": 0.0001205999999998042,
                                                                            "children": {
                                                                                "image_decompress": {
                                                                                    "total": 0.00826970000000049,
                                                                                    "count": 1,
                                                                                    "is_parallel": true,
                                                                                    "self": 0.00826970000000049
                                                                                }
                                                                            }
                                                                        }
                                                                    }
                                                                }
                                                            }
                                                        }
                                                    }
                                                },
                                                "UnityEnvironment.step": {
                                                    "total": 152.9268568999983,
                                                    "count": 34300,
                                                    "is_parallel": true,
                                                    "self": 1.3164777999994612,
                                                    "children": {
                                                        "UnityEnvironment._generate_step_input": {
                                                            "total": 2.651666099998655,
                                                            "count": 34300,
                                                            "is_parallel": true,
                                                            "self": 2.651666099998655
                                                        },
                                                        "communicator.exchange": {
                                                            "total": 139.78007469999983,
                                                            "count": 34300,
                                                            "is_parallel": true,
                                                            "self": 139.78007469999983
                                                        },
                                                        "steps_from_proto": {
                                                            "total": 9.178638300000355,
                                                            "count": 34300,
                                                            "is_parallel": true,